"partner_id","partner_sub_id","partner_sub_weekly","partner_name","partner_name_country","merchant_name","merchant_id","log_merchant_name","partner_country","country_code","rpid_field","created_field","launch_date","insurance_naming_convention","compliance_naming_convention","partner_billing","insurance_product","monthly_payment","stel_switch","steb_switch","quasar","parent_company","screen_only","compliance_grouping","mobile_region","ce_region","zone_number"
amz_eu,amz_uk,Amazon_UK,Amazon,Amazon UK,Amazon UK Monthly,subscrip_014770964554,AMAZON_UK_MONTHLY,United Kingdom,GB,string_16,purchase_date,2019-06-01,Amazon UK,Amazon UK,true,true,true,2999-01-01,2999-01-01,false,Amazon,false,UK,uk,uk,5
amz_eu,amz_uk,Amazon_UK,Amazon,Amazon UK,Amazon UK Upfront,subscrip_amzuku12182020,AMAZON_UK_UPFRONT,United Kingdom,GB,string_16,purchase_date,2021-03-25,Amazon UK,Amazon UK,true,true,false,2999-01-01,2999-01-01,false,Amazon,false,UK,uk,uk,5
thr_uk,thr_uk,"3UK",Three UK,Three UK,Three-UK (3UK),subscrip_threeukrepair09262022,THREE_UK,United Kingdom,GB,string_16,create_date,2022-09-26,Three UK,Three UK,false,false,true,2999-01-01,2999-01-01,false,H3G,true,UK,uk,uk,5
thr_uk,thr_uk,"3UK",Three UK,Three UK,Three-UK (3UK),subscrip_threeuk09262022,THREE_UK,United Kingdom,GB,string_16,create_date,2022-09-26,Three UK,Three UK,false,true,true,2999-01-01,2999-01-01,false,H3G,false,UK,uk,uk,5
thr_uk,thr_uk,"3UK",Three UK,Three UK,Three-UK(3UK) ACS,subscrip_threeukacs09262022,THREE_UK_APPLECARE,United Kingdom,GB,string_16,create_date,2022-09-26,Three UK,Three UK,false,true,true,2999-01-01,2999-01-01,false,H3G,false,UK,uk,uk,5
thr_uk,thr_uk,"3UK",Three UK,Three UK,Three-UK (3UK),subscrip_threeuk120112019,THREE_UK,United Kingdom,GB,string_16,create_date,2020-05-05,Three UK,Three UK,false,true,true,2999-01-01,2999-01-01,false,H3G,false,UK,uk,uk,5
tln_se,tln_se,Telenor_SE,Telenor Sweden,Telenor Sweden,Telenor Sweden Monthly SQT B2B,subscrip_tlnsemsqtb2b01302025,TELENOR_SE_MONTHLY_SQT_B2B,Sweden,SE,string_16,purchase_date,2025-04-10,Telenor Sweden,Telenor Sweden,true,true,true,2020-09-10,2999-01-01,false,Telenor,false,EU,eu operators,nordics,1
tln_se,tln_se,Telenor_SE,Telenor Sweden,Telenor Sweden,Telenor Sweden Monthly SQT Screen,subscrip_tlnsemsqtscreen01302025,TELENOR_SE_MONTHLY_SQT_SCREEN,Sweden,SE,string_16,purchase_date,2024-01-01,Telenor Sweden,Telenor Sweden,true,true,true,2020-09-10,2999-01-01,false,Telenor,false,EU,eu operators,nordics,1
tln_se,tln_se,Telenor_SE,Telenor Sweden,Telenor Sweden,Telenor Sweden Monthly SQT,subscrip_tlnsemsqt01302025,TELENOR_SE_MONTHLY_SQT,Sweden,SE,string_16,purchase_date,2024-01-01,Telenor Sweden,Telenor Sweden,true,true,true,2020-09-10,2999-01-01,false,Telenor,false,EU,eu operators,nordics,1
tln_no,tln_no,Telenor_NO,Telenor Norway,Telenor Norway,Telenor Norway Screen Legacy (Migrating Existing Base),subscrip_telnorlegacy2,TELENOR_NORWAY_LEGACY_2,Norway,NO,string_16,purchase_date,2015-01-01,Telenor Norway,Telenor Norway - excl Talkmore,false,true,true,2020-09-10,2999-01-01,false,Telenor,true,EU,norway operators,nordics,4
tln_no,tln_no,Telenor_NO,Telenor Norway,Telenor Norway,Telenor Norway (Screen Only),subscrip_telnor08282019,TELENOR_NORWAY_2,Norway,NO,string_16,purchase_date,2015-01-01,Telenor Norway,Telenor Norway - excl Talkmore,false,true,true,2020-09-10,2999-01-01,false,Telenor,true,EU,norway operators,nordics,4
tln_no,tln_no,Telenor_NO,Telenor Norway,Telenor Norway,Telenor TalkMore (Screen Only),subscrip_talkmore1022,TALK_MORE_2,Norway,NO,string_16,purchase_date,2015-01-01,Telenor Norway,Telenor Norway - Talkmore,false,true,true,2020-09-10,2999-01-01,false,Telenor,true,EU,norway operators,nordics,4
tln_no,tln_no,Telenor_NO,Telenor Norway,Telenor Norway,Telenor Norway Mult-Device,subscrip_telnormid01012022,TELENOR_NORWAY_MID,Norway,NO,string_16,purchase_date,2022-06-01,Telenor Norway,Telenor Norway - excl Talkmore,false,true,true,2020-09-10,2999-01-01,false,Telenor,false,EU,norway operators,nordics,4
tln_no,tln_no,Telenor_NO,Telenor Norway,Telenor Norway,Telenor Norway Gjensidige Legacy (Migrating Existing Base),subscrip_telnorlegacy3,TELENOR_NORWAY_LEGACY_3,Norway,NO,string_16,purchase_date,2015-01-01,Telenor Norway,Telenor Norway - excl Talkmore,false,true,true,2020-09-10,2999-01-01,false,Telenor,false,EU,norway operators,nordics,4
tln_no,tln_no,Telenor_NO,Telenor Norway,Telenor Norway,Telenor Norway Legacy (Migrating Existing Base),subscrip_telnorlegacy1,TELENOR_NORWAY_LEGACY_1,Norway,NO,string_16,purchase_date,2015-01-01,Telenor Norway,Telenor Norway - excl Talkmore,false,true,true,2020-09-10,2999-01-01,false,Telenor,false,EU,norway operators,nordics,4
tln_no,tln_no,Telenor_NO,Telenor Norway,Telenor Norway,Telenor Norway (Regular),subscrip_telnor07122019,TELENOR_NORWAY_1,Norway,NO,string_16,purchase_date,2012-04-10,Telenor Norway,Telenor Norway - excl Talkmore,false,true,true,2020-09-10,2999-01-01,false,Telenor,false,EU,norway operators,nordics,4
tln_no,tln_no,Telenor_NO,Telenor Norway,Telenor Norway,Telenor TalkMore,subscrip_talkmore1021,TALK_MORE_1,Norway,NO,string_16,purchase_date,2015-01-01,Telenor Norway,Telenor Norway - Talkmore,false,true,true,2020-09-10,2999-01-01,false,Telenor,false,EU,norway operators,nordics,4
mma_se,mma_se,MM_SE,MediaMarkt Sweden,MediaMarkt Sweden,MediaMarkt Sweden Monthly,subscrip_mmswemonthly12012021,MMSE_MONTHLY,Sweden,SE,string_16,purchase_date,2022-03-31,MediaMarkt Sweden,MediaMarkt Sweden,false,true,true,2020-09-10,2999-01-01,false,MediaMarkt,false,EU,nordic retailers,nordics,6
mma_se,mma_se,MM_SE,MediaMarkt Sweden,MediaMarkt Sweden,MediaMarkt Sweden Upfront ACS,subscrip_mmsweacs05012021,MMSE_UPFRONT_APPLECARE,Sweden,SE,string_16,purchase_date,2022-03-30,MediaMarkt Sweden,MediaMarkt Sweden,false,true,false,2020-09-10,2999-01-01,false,MediaMarkt,false,EU,nordic retailers,nordics,6
mma_se,mma_se,MM_SE,MediaMarkt Sweden,MediaMarkt Sweden,MediaMarkt Sweden,subscrip_mmswe05012021,MMSE_UPFRONT,Sweden,SE,string_16,purchase_date,2021-05-01,MediaMarkt Sweden,MediaMarkt Sweden,false,true,false,2020-09-10,2999-01-01,false,MediaMarkt,false,EU,nordic retailers,nordics,6
mma_se,mma_se,MM_SE,MediaMarkt Sweden,MediaMarkt Sweden,MediaMarkt Sweden Upfront Renewals,subscrip_mmswere04302022,MMSE_UPFRONT_RENEWAL,Sweden,SE,string_16,purchase_date,2022-04-30,MediaMarkt Sweden,MediaMarkt Sweden,false,true,false,2020-09-10,2999-01-01,false,MediaMarkt,false,EU,nordic retailers,nordics,6
mma_se,mma_se,MM_SE,MediaMarkt Sweden,MediaMarkt Sweden,MediaMarkt Sweden Monthly ACS,subscrip_mmswemonthlyacs12012021,MMSE_MONTHLY_APPLECARE,Sweden,SE,string_16,purchase_date,2022-06-01,MediaMarkt Sweden,MediaMarkt Sweden,false,true,true,2020-09-10,2999-01-01,false,MediaMarkt,false,EU,nordic retailers,nordics,6
pow_no,pow_no,Power Norway,Power Norway,Power Norway,Power Norway - Monthly,subscrip_powernomacs09032024,POWER_NO_MONTHLY_ACS,Norway,NO,string_16,purchase_date,2024-09-03,Power Norway,Power Norway,false,true,true,2020-09-10,2999-01-01,false,Power,false,EU,nordic retailers,nordics,6
pow_no,pow_no,Power Norway,Power Norway,Power Norway,Power Norway - Monthly,subscrip_powernom09032024,POWER_NO_MONTHLY,Norway,NO,string_16,purchase_date,2024-09-03,Power Norway,Power Norway,false,true,true,2020-09-10,2999-01-01,false,Power,false,EU,nordic retailers,nordics,6
pow_no,pow_no,Power Norway,Power Norway,Power Norway,Power Norway -Upfront,subscrip_powernou09032024,POWER_NO_UPFRONT,Norway,NO,string_16,purchase_date,2024-09-03,Power Norway,Power Norway,false,true,false,2020-09-10,2999-01-01,false,Power,false,EU,nordic retailers,nordics,6
pow_no,pow_no,Power Norway,Power Norway,Power Norway,Power Norway -Upfront,subscrip_powernouacs09032024,POWER_NO_UPFRONT_ACS,Norway,NO,string_16,purchase_date,2024-09-03,Power Norway,Power Norway,false,true,false,2020-09-10,2999-01-01,false,Power,false,EU,nordic retailers,nordics,6
elk_eu,elk_no,Elkjop_NO,Elkjop,Elkjop Norway,Elkjop Norway Monthly Repair,subscrip_elkjopnormonthlyrepair040122,ELKJOPNO_MONTHLY_REPAIR,Norway,NO,string_16,create_date,2022-05-01,Elkjop Norway,Elkjop Norway,true,true,true,2020-09-10,2999-01-01,false,Elkjop,false,EU,nordic retailers,nordics,6
elk_eu,elk_no,Elkjop_NO,Elkjop,Elkjop Norway,Elkjop Norway Upfront Repair,subscrip_elkjopnorupfrontrepair040122,ELKJOPNO_UPFRONT_REPAIR,Norway,NO,string_16,create_date,2022-05-01,Elkjop Norway,Elkjop Norway,true,true,false,2020-09-10,2999-01-01,false,Elkjop,false,EU,nordic retailers,nordics,6
elk_eu,elk_no,Elkjop_NO,Elkjop,Elkjop Norway,Elkjop Norway Monthly,subscrip_elkjopnormonthly040122,ELKJOPNO_MONTHLY,Norway,NO,string_16,create_date,2022-05-01,Elkjop Norway,Elkjop Norway,true,true,true,2020-09-10,2999-01-01,false,Elkjop,false,EU,nordic retailers,nordics,6
elk_eu,elk_no,Elkjop_NO,Elkjop,Elkjop Norway,Elkjop Norway Upfront,subscrip_elkjopnorupfront040122,ELKJOPNO_UPFRONT,Norway,NO,string_16,create_date,2022-05-01,Elkjop Norway,Elkjop Norway,true,true,false,2020-09-10,2999-01-01,false,Elkjop,false,EU,nordic retailers,nordics,6
elk_eu,elk_se,Elkjop_SE,Elkjop,Elkjop Sweden,Elkjop Sweden Monthly Repair,subscrip_elkjopswemonthlyrepair040122,ELKJOPSWE_MONTHLY_REPAIR,Sweden,SE,string_16,create_date,2022-05-01,Elkjop Sweden,Elkjop Sweden,true,true,true,2020-09-10,2999-01-01,false,Elkjop,false,EU,nordic retailers,nordics,6
elk_eu,elk_se,Elkjop_SE,Elkjop,Elkjop Sweden,Elkjop Sweden Upfront Repair,subscrip_elkjopsweupfrontrepair040122,ELKJOPSWE_UPFRONT_REPAIR,Sweden,SE,string_16,create_date,2022-05-01,Elkjop Sweden,Elkjop Sweden,true,true,false,2020-09-10,2999-01-01,false,Elkjop,false,EU,nordic retailers,nordics,6
elk_eu,elk_se,Elkjop_SE,Elkjop,Elkjop Sweden,Elkjop Sweden Monthly,subscrip_elkjopswemonthly040122,ELKJOPSWE_MONTHLY,Sweden,SE,string_16,create_date,2022-05-01,Elkjop Sweden,Elkjop Sweden,true,true,true,2020-09-10,2999-01-01,false,Elkjop,false,EU,nordic retailers,nordics,6
elk_eu,elk_se,Elkjop_SE,Elkjop,Elkjop Sweden,Elkjop Sweden Upfront,subscrip_elkjopsweupfront040122,ELKJOPSWE_UPFRONT,Sweden,SE,string_16,create_date,2022-05-01,Elkjop Sweden,Elkjop Sweden,true,true,false,2020-09-10,2999-01-01,false,Elkjop,false,EU,nordic retailers,nordics,6
pow_dk,pow_dk,Power Denmark,Power Denmark,Power Denmark,Power Denmark - Monthly,subscrip_powerdkmacs09032024,POWER_DK_MONTHLY_ACS,Denmark,DK,string_16,purchase_date,2024-09-03,Power Denmark,Power Denmark,false,true,true,2020-09-10,2999-01-01,false,Power,false,EU,nordic retailers,nordics,6
pow_dk,pow_dk,Power Denmark,Power Denmark,Power Denmark,Power Denmark - Monthly,subscrip_powerdkm09032024,POWER_DK_MONTHLY,Denmark,DK,string_16,purchase_date,2024-09-03,Power Denmark,Power Denmark,false,true,true,2020-09-10,2999-01-01,false,Power,false,EU,nordic retailers,nordics,6
pow_dk,pow_dk,Power Denmark,Power Denmark,Power Denmark,Power Denmark - Upfront,subscrip_powerdkuacs09032024,POWER_DK_UPFRONT_ACS,Denmark,DK,string_16,purchase_date,2024-09-03,Power Denmark,Power Denmark,false,true,false,2020-09-10,2999-01-01,false,Power,false,EU,nordic retailers,nordics,6
pow_dk,pow_dk,Power Denmark,Power Denmark,Power Denmark,Power Denmark - Upfront,subscrip_powerdku09032024,POWER_DK_UPFRONT,Denmark,DK,string_16,purchase_date,2024-09-03,Power Denmark,Power Denmark,false,true,false,2020-09-10,2999-01-01,false,Power,false,EU,nordic retailers,nordics,6
elk_eu,elk_dk,Elkjop_DK,Elkjop,Elkjop Denmark,Elkjop Denmark Monthly Repair,subscrip_elkjopdnmonthlyrepair040122,ELKJOPDK_MONTHLY_REPAIR,Denmark,DK,string_16,create_date,2022-05-01,Elkjop Denmark,Elkjop Denmark,true,true,true,2020-09-10,2999-01-01,false,Elkjop,false,EU,nordic retailers,nordics,6
elk_eu,elk_dk,Elkjop_DK,Elkjop,Elkjop Denmark,Elkjop Denmark Upfront Repair,subscrip_elkjopdnupfrontrepair040122,ELKJOPDK_UPFRONT_REPAIR,Denmark,DK,string_16,create_date,2022-05-01,Elkjop Denmark,Elkjop Denmark,true,true,false,2020-09-10,2999-01-01,false,Elkjop,false,EU,nordic retailers,nordics,6
elk_eu,elk_dk,Elkjop_DK,Elkjop,Elkjop Denmark,Elkjop Denmark Monthly,subscrip_elkjopdnmonthly040122,ELKJOPDK_MONTHLY,Denmark,DK,string_16,create_date,2022-05-01,Elkjop Denmark,Elkjop Denmark,true,true,true,2020-09-10,2999-01-01,false,Elkjop,false,EU,nordic retailers,nordics,6
elk_eu,elk_dk,Elkjop_DK,Elkjop,Elkjop Denmark,Elkjop Denmark Upfront,subscrip_elkjopdnupfront040122,ELKJOPDK_UPFRONT,Denmark,DK,string_16,create_date,2022-05-01,Elkjop Denmark,Elkjop Denmark,true,true,false,2020-09-10,2999-01-01,false,Elkjop,false,EU,nordic retailers,nordics,6
elk_eu,elk_fi,Elkjop_FI,Elkjop,Elkjop Finland,Elkjop Finland Monthly Repair,subscrip_elkjopfimonthlyrepair040122,ELKJOPFI_MONTHLY_REPAIR,Finland,FI,string_16,create_date,2022-05-01,Elkjop Finland,Elkjop Finland,true,true,true,2020-09-10,2999-01-01,false,Elkjop,false,EU,nordic retailers,nordics,6
elk_eu,elk_fi,Elkjop_FI,Elkjop,Elkjop Finland,Elkjop Finland Upfront Repair,subscrip_elkjopfiupfrontrepair040122,ELKJOPFI_UPFRONT_REPAIR,Finland,FI,string_16,create_date,2022-05-01,Elkjop Finland,Elkjop Finland,true,true,false,2020-09-10,2999-01-01,false,Elkjop,false,EU,nordic retailers,nordics,6
elk_eu,elk_fi,Elkjop_FI,Elkjop,Elkjop Finland,Elkjop Finland Monthly,subscrip_elkjopfimonthly040122,ELKJOPFI_MONTHLY,Finland,FI,string_16,create_date,2022-05-01,Elkjop Finland,Elkjop Finland,true,true,true,2020-09-10,2999-01-01,false,Elkjop,false,EU,nordic retailers,nordics,6
elk_eu,elk_fi,Elkjop_FI,Elkjop,Elkjop Finland,Elkjop Finland Upfront,subscrip_elkjopfiupfront040122,ELKJOPFI_UPFRONT,Finland,FI,string_16,create_date,2022-05-01,Elkjop Finland,Elkjop Finland,true,true,false,2020-09-10,2999-01-01,false,Elkjop,false,EU,nordic retailers,nordics,6
pow_fi,pow_fi,Power Finland,Power Finland,Power Finland,Power Finland - Monthly,subscrip_powerfimacs09032024,POWER_FI_MONTHLY_ACS,Finland,FI,string_16,purchase_date,2024-09-03,Power Finland,Power Finland,false,true,true,2020-09-10,2999-01-01,false,Power,false,EU,nordic retailers,nordics,6
pow_fi,pow_fi,Power Finland,Power Finland,Power Finland,Power Finland - Monthly,subscrip_powerfim09032024,POWER_FI_MONTHLY,Finland,FI,string_16,purchase_date,2024-09-03,Power Finland,Power Finland,false,true,true,2020-09-10,2999-01-01,false,Power,false,EU,nordic retailers,nordics,6
pow_fi,pow_fi,Power Finland,Power Finland,Power Finland,Power Finland - Upfront,subscrip_powerfiu09032024,POWER_FI_UPFRONT,Finland,FI,string_16,purchase_date,2024-09-03,Power Finland,Power Finland,false,true,false,2020-09-10,2999-01-01,false,Power,false,EU,nordic retailers,nordics,6
pow_fi,pow_fi,Power Finland,Power Finland,Power Finland,Power Finland - Upfront,subscrip_powerfiuacs09032024,POWER_FI_UPFRONT_ACS,Finland,FI,string_16,purchase_date,2024-09-03,Power Finland,Power Finland,false,true,false,2020-09-10,2999-01-01,false,Power,false,EU,nordic retailers,nordics,6
pow_se,pow_se,Power Sweden,Power Sweden,Power Sweden,Power Sweden - Upfront ACS,subscrip_powersweuacs11052023,POWER_SE_UPFRONT_ACS,Sweden,SE,string_16,purchase_date,2023-11-10,Power Sweden,Power Sweden,false,true,false,2020-09-10,2999-01-01,false,Power,false,EU,nordic retailers,nordics,6
pow_se,pow_se,Power Sweden,Power Sweden,Power Sweden,Power Sweden,subscrip_powersweu08012023,POWER_SE_UPFRONT,Sweden,SE,string_16,purchase_date,2023-08-01,Power Sweden,Power Sweden,false,true,false,2020-09-10,2999-01-01,false,Power,false,EU,nordic retailers,nordics,6
pow_se,pow_se,Power Sweden,Power Sweden,Power Sweden,Power Sweden - Monthly ACS,subscrip_powerswemacs05152024,POWER_SE_MONTHLY_ACS,Sweden,SE,string_16,purchase_date,2024-05-15,Power Sweden,Power Sweden,false,true,true,2020-09-10,2999-01-01,false,Power,false,EU,nordic retailers,nordics,6
pow_se,pow_se,Power Sweden,Power Sweden,Power Sweden,Power Sweden - Monthly,subscrip_powerswem05152024,POWER_SE_MONTHLY,Sweden,SE,string_16,purchase_date,2024-05-15,Power Sweden,Power Sweden,false,true,true,2020-09-10,2999-01-01,false,Power,false,EU,nordic retailers,nordics,6
amz_eu,amz_es,Amazon_SP,Amazon,Amazon Spain,Amazon ES Upfront,subscrip_amznesu12182020,AMAZON_ES_UPFRONT,Spain,ES,string_16,purchase_date,2021-03-25,Amazon Spain,Amazon Spain,false,true,false,2020-09-10,2999-01-01,false,Amazon,false,EU,iberia retailers,iberia,3
amz_eu,amz_es,Amazon_SP,Amazon,Amazon Spain,Amazon ES Monthly,subscrip_amznesm12182020,AMAZON_ES_MONTHLY,Spain,ES,string_16,purchase_date,2021-03-25,Amazon Spain,Amazon Spain,false,true,true,2020-09-10,2999-01-01,false,Amazon,false,EU,iberia retailers,iberia,3
mma_ib,mma_pt,MMIB_MON,MediaMarkt Portugal,MediaMarkt Portugal,MediaMarkt Portugal Monthly ,subscrip_mmptmonthly09012022,MMPT_MONTHLY_ANDROID,Portugal,PT,string_16,purchase_date,2022-09-01,MediaMarkt Portugal,MediaMarkt Portugal,true,true,true,2020-09-10,2999-01-01,false,MediaMarkt,false,EU,iberia retailers,iberia,3
mma_ib,mma_pt,MMIB_UP,MediaMarkt Portugal,MediaMarkt Portugal,MediaMarkt Portugal Upfront Screen only,subscrip_mmptckd01152018,,Portugal,PT,string_16,purchase_date,2018-05-06,MediaMarkt Portugal,MediaMarkt Portugal,false,true,false,2020-09-10,2999-01-01,false,MediaMarkt,true,EU,iberia retailers,iberia,3
mma_ib,mma_pt,MMIB_MON,MediaMarkt Portugal,MediaMarkt Portugal,MediaMarkt Portugal Monthly,subscrip_mmpg12142017,,Portugal,PT,string_16,purchase_date,2018-05-06,MediaMarkt Portugal,MediaMarkt Portugal,false,true,true,2020-09-10,2999-01-01,false,MediaMarkt,false,EU,iberia retailers,iberia,3
mma_ib,mma_pt,MMIB_MON,MediaMarkt Portugal,MediaMarkt Portugal,MediaMarkt Portugal Monthly Credit Card - Quasar Integration,subscrip_mmpg11252019,MMPT_QSR_CC,Portugal,PT,string_16,purchase_date,2021-06-01,MediaMarkt Portugal,MediaMarkt Portugal,false,true,true,2020-09-10,2999-01-01,true,MediaMarkt,false,EU,iberia retailers,iberia,3
mma_ib,mma_pt,MMIB_UP,MediaMarkt Portugal,MediaMarkt Portugal,MediaMarkt Portugal Upfront,subscrip_mmpt12212017,MMPT_UPFRONT,Portugal,PT,string_16,purchase_date,2018-05-06,MediaMarkt Portugal,MediaMarkt Portugal,false,true,false,2020-09-10,2999-01-01,false,MediaMarkt,false,EU,iberia retailers,iberia,3
mma_ib,mma_pt,MMIB_MON,MediaMarkt Portugal,MediaMarkt Portugal,MediaMarkt Portugal Monthly Credit Card 2,subscrip_mmpg01302020,MMPG_CC,Portugal,PT,string_16,purchase_date,2020-06-03,MediaMarkt Portugal,MediaMarkt Portugal,false,true,true,2020-09-10,2999-01-01,false,MediaMarkt,false,EU,iberia retailers,iberia,3
mma_ib,mma_pt,MMIB_MON,MediaMarkt Portugal,MediaMarkt Portugal,MediaMarkt Portugal Store Monthly (Quasar),subscrip_mmptstorem05012023,MMPT_STORE_MONTHLY,Portugal,PT,string_16,purchase_date,2023-05-01,MediaMarkt Portugal,MediaMarkt Portugal,false,true,true,2020-09-10,2999-01-01,true,MediaMarkt,false,EU,iberia retailers,iberia,3
mma_ib,mma_pt,MMIB_UP,MediaMarkt Portugal,MediaMarkt Portugal,MediaMarkt Portugal Upfront Extension (Quasar),subscrip_mmptuext05012023,MMPT_QSR_UPFRONT_EXT,Portugal,PT,string_16,purchase_date,2023-05-01,MediaMarkt Portugal,MediaMarkt Portugal,false,true,false,2020-09-10,2999-01-01,true,MediaMarkt,false,EU,iberia retailers,iberia,3
mma_ib,mma_pt,MMIB_UP,MediaMarkt Portugal,MediaMarkt Portugal,MediaMarkt Portugal Upfront (Quasar),subscrip_mmptu05012023,MMPT_QSR_UPFRONT,Portugal,PT,string_16,purchase_date,2023-05-01,MediaMarkt Portugal,MediaMarkt Portugal,false,true,false,2020-09-10,2999-01-01,true,MediaMarkt,false,EU,iberia retailers,iberia,3
mma_ib,mma_es,MMIB_UP,MediaMarkt Spain,MediaMarkt Spain,MediaMarkt Spain upfront B2B Non Mobile,subscrip_mmesub2bnonmob03172025,MMES_QSR_UPFRONT_B2B_NON_MOB,Spain,ES,string_16,purchase_date,2025-03-31,MediaMarkt Spain,MediaMarkt Spain,true,true,false,2020-09-10,2999-01-01,false,MediaMarkt,false,EU,iberia retailers,iberia,3
mma_ib,mma_es,MMIB_UP,MediaMarkt Spain,MediaMarkt Spain,MediaMarkt Spain upfront B2B Mobile,subscrip_mmesub2bmob03172025,MMES_QSR_UPFRONT_B2B_MOB,Spain,ES,string_16,purchase_date,2025-03-31,MediaMarkt Spain,MediaMarkt Spain,true,true,false,2020-09-10,2999-01-01,false,MediaMarkt,false,EU,iberia retailers,iberia,3
mma_ib,mma_es,MMIB_MON,MediaMarkt Spain,MediaMarkt Spain,MediaMarkt Spain Monthly ,subscrip_mmspmonthly09012022,MMES_MONTHLY_ANDROID,Spain,ES,string_16,purchase_date,2022-09-01,MediaMarkt Spain,MediaMarkt Spain,true,true,true,2020-09-10,2999-01-01,false,MediaMarkt,false,EU,iberia retailers,iberia,3
mma_ib,mma_es,MMIB_UP,MediaMarkt Spain,MediaMarkt Spain,MediaMarkt Spain Upfront Screen only,subscrip_mmesckd01152018,,Spain,ES,string_16,purchase_date,2018-04-22,MediaMarkt Spain,MediaMarkt Spain,false,true,false,2020-09-10,2999-01-01,false,MediaMarkt,true,EU,iberia retailers,iberia,3
mma_ib,mma_es,MMIB_MON,MediaMarkt Spain,MediaMarkt Spain,MediaMarkt Spain Monthly,subscrip_mmsp12142017,MMSP_STORE,Spain,ES,string_16,purchase_date,2018-04-22,MediaMarkt Spain,MediaMarkt Spain,false,true,true,2020-09-10,2999-01-01,false,MediaMarkt,false,EU,iberia retailers,iberia,3
mma_ib,mma_es,MMIB_UP,MediaMarkt Spain,MediaMarkt Spain,MediaMarkt Spain Upfront Extension (Quasar),subscrip_mmesuext05012023,MMES_QSR_UPFRONT_EXT,Spain,ES,string_16,purchase_date,2023-05-01,MediaMarkt Spain,MediaMarkt Spain,true,true,false,2020-09-10,2999-01-01,true,MediaMarkt,false,EU,iberia retailers,iberia,3
mma_ib,mma_es,MMIB_UP,MediaMarkt Spain,MediaMarkt Spain,MediaMarkt Spain Upfront (Quasar),subscrip_mmesu05012023,MMES_QSR_UPFRONT,Spain,ES,string_16,purchase_date,2023-05-01,MediaMarkt Spain,MediaMarkt Spain,true,true,false,2020-09-10,2999-01-01,true,MediaMarkt,false,EU,iberia retailers,iberia,3
mma_ib,mma_es,MMIB_MON,MediaMarkt Spain,MediaMarkt Spain,MediaMarkt Spain Monthly Credit Card - Quasar Integration,subscrip_mmsp11252019,MMSP_QSR_CC,Spain,ES,string_16,purchase_date,2021-06-01,MediaMarkt Spain,MediaMarkt Spain,true,true,true,2020-09-10,2999-01-01,true,MediaMarkt,false,EU,iberia retailers,iberia,3
mma_ib,mma_es,MMIB_MON,MediaMarkt Spain,MediaMarkt Spain,MediaMarkt Spain Store Monthly (Quasar),subscrip_mmesstorem05012023,MMES_STORE_MONTHLY,Spain,ES,string_16,purchase_date,2023-05-01,MediaMarkt Spain,MediaMarkt Spain,true,true,true,2020-09-10,2999-01-01,true,MediaMarkt,false,EU,iberia retailers,iberia,3
mma_ib,mma_es,MMIB_MON,MediaMarkt Spain,MediaMarkt Spain,MediaMarkt Spain Multi-Item ,subscrip_mmesmtce11132023,MMES_MONTHLY_MULTIITEM,Spain,ES,string_16,purchase_date,2022-09-01,MediaMarkt Spain,MediaMarkt Spain,true,true,true,2020-09-10,2999-01-01,false,MediaMarkt,false,EU,iberia retailers,iberia,3
mma_ib,mma_es,MMIB_MON,MediaMarkt Spain,MediaMarkt Spain,MediaMarkt Spain Monthly Android (Online),subscrip_mmesmonthly11302021,MMES_MONTHLY_ONLINE,Spain,ES,string_16,purchase_date,2022-06-01,MediaMarkt Spain,MediaMarkt Spain,false,true,true,2020-09-10,2999-01-01,false,MediaMarkt,false,EU,iberia retailers,iberia,3
mma_ib,mma_es,MMIB_MON,MediaMarkt Spain,MediaMarkt Spain,MediaMarkt Spain Monthly - In Life,subscrip_mmesilm09302024,MMES_INLIFE_MONTHLY,Spain,ES,string_16,purchase_date,2024-10-31,MediaMarkt Spain,MediaMarkt Spain,true,true,true,2020-10-09,1999-01-01,false,MediaMarkt,false,EU,iberia retailers,iberia,3
mma_ib,mma_es,MMIB_UP,MediaMarkt Spain,MediaMarkt Spain,MediaMarkt Spain Upfront,subscrip_mmes12222017,MMES_UPFRONT,Spain,ES,string_16,purchase_date,2018-04-22,MediaMarkt Spain,MediaMarkt Spain,false,true,false,2020-09-10,2999-01-01,false,MediaMarkt,false,EU,iberia retailers,iberia,3
mma_ib,mma_es,MMIB_MON,MediaMarkt Spain,MediaMarkt Spain,MediaMarkt Spain Monthly Credit Card 2,subscrip_mmsp01302020,MMSP_CC,Spain,ES,string_16,purchase_date,2020-06-03,MediaMarkt Spain,MediaMarkt Spain,false,true,true,2020-09-10,2999-01-01,false,MediaMarkt,false,EU,iberia retailers,iberia,3
mma_ib,acs_pt,MMIB_MON,MediaMarkt Portugal,MediaMarkt Portugal,MediaMarkt Portugal Monthly ACS ,subscrip_mmptmonthlyacs09012022,MMPT_MONTHLY_APPLECARE,Portugal,PT,string_16,purchase_date,2022-09-01,MediaMarkt Portugal,MediaMarkt Portugal,true,true,true,2020-09-10,2999-01-01,false,MediaMarkt,false,EU,iberia retailers,iberia,3
mma_ib,acs_pt,MMIB_MON,MediaMarkt Portugal,MediaMarkt Portugal,MediaMarkt Portugal Monthly ACS Credit Card (Quasar),subscrip_mmptmonthlyacsquasar06302021,MMPT_MONTHLY_APPLECARE_CC,Portugal,PT,string_16,purchase_date,2021-09-13,MediaMarkt Portugal,MediaMarkt Portugal,false,true,true,2020-09-10,2999-01-01,true,MediaMarkt,false,EU,iberia retailers,iberia,3
mma_ib,acs_pt,MMIB_UP,MediaMarkt Portugal,MediaMarkt Portugal,MediaMarkt Portugal Upfront ACS,subscrip_mmptupfrontacs06302021,MMPT_UPFRONT_APPLECARE,Portugal,PT,string_16,purchase_date,2021-09-13,MediaMarkt Portugal,MediaMarkt Portugal,false,true,false,2020-09-10,2999-01-01,false,MediaMarkt,false,EU,iberia retailers,iberia,3
mma_ib,acs_pt,MMIB_MON,MediaMarkt Portugal,MediaMarkt Portugal,MediaMarkt Portugal Monthly ACS (SEPA),subscrip_mmptmonthlyacssepa06302021,MMPT_MONTHLY_APPLECARE_SEPA,Portugal,PT,string_16,purchase_date,2021-09-13,MediaMarkt Portugal,MediaMarkt Portugal,false,true,true,2020-09-10,2999-01-01,false,MediaMarkt,false,EU,iberia retailers,iberia,3
mma_ib,acs_es,MMIB_MON,MediaMarkt Spain,MediaMarkt Spain,MediaMarkt Spain Monthly ACS ,subscrip_mmspmonthlyacs09012022,MMES_MONTHLY_APPLECARE,Spain,ES,string_16,purchase_date,2022-09-01,MediaMarkt Spain,MediaMarkt Spain,true,true,true,2020-09-10,2999-01-01,false,MediaMarkt,false,EU,iberia retailers,iberia,3
mma_ib,acs_es,MMIB_MON,MediaMarkt Spain,MediaMarkt Spain,MediaMarkt Spain Monthly ACS Credit Card (Quasar),subscrip_mmesmonthlyacsquasar06302021,MMES_MONTHLY_APPLECARE_CC,Spain,ES,string_16,purchase_date,2021-09-13,MediaMarkt Spain,MediaMarkt Spain,true,true,true,2020-09-10,2999-01-01,true,MediaMarkt,false,EU,iberia retailers,iberia,3
mma_ib,acs_es,MMIB_UP,MediaMarkt Spain,MediaMarkt Spain,MediaMarkt Spain Upfront ACS,subscrip_mmesupfrontacs06302021,MMES_UPFRONT_APPLECARE,Spain,ES,string_16,purchase_date,2021-09-13,MediaMarkt Spain,MediaMarkt Spain,false,true,false,2020-09-10,2999-01-01,false,MediaMarkt,false,EU,iberia retailers,iberia,3
mma_ib,acs_es,MMIB_MON,MediaMarkt Spain,MediaMarkt Spain,MediaMarkt Spain Monthly ACS (Online),subscrip_mmesmonthlyacs06302021,MMES_MONTHLY_APPLECARE_ONLINE,Spain,ES,string_16,purchase_date,2021-09-13,MediaMarkt Spain,MediaMarkt Spain,false,true,true,2020-09-10,2999-01-01,false,MediaMarkt,false,EU,iberia retailers,iberia,3
mma_ib,acs_es,MMIB_MON,MediaMarkt Spain,MediaMarkt Spain,MediaMarkt Spain Monthly ACS (SEPA),subscrip_mmesmonthlyacssepa06302021,MMES_MONTHLY_APPLECARE_SEPA,Spain,ES,string_16,purchase_date,2021-09-13,MediaMarkt Spain,MediaMarkt Spain,false,true,true,2020-09-10,2999-01-01,false,MediaMarkt,false,EU,iberia retailers,iberia,3
fna_pt,fna_pt,fna_pt,Fnac Portugal,Fnac Portugal,Fnac Portugal Monthly Repair,subscrip_fnacptr11182024,FNAC_PT_MONTHLY_REPAIR,Portugal,PT,string_16,purchase_date,2024-04-01,Fnac Portugal,Fnac Portugal,true,true,true,2020-01-01,2999-01-01,true,Fnac,false,EU,iberia retailers,iberia,3
fna_pt,fna_pt,fna_pt,Fnac Portugal,Fnac Portugal,Fnac Portugal Upfront,subscrip_fnacptu04012024,FNAC_PT_UPFRONT,Portugal,PT,string_16,purchase_date,2024-04-01,Fnac Portugal,Fnac Portugal,true,true,false,2020-01-01,2999-01-01,false,Fnac,false,EU,iberia retailers,iberia,3
fna_pt,fna_pt,fna_pt,Fnac Portugal,Fnac Portugal,Fnac Portugal Monthly,subscrip_fnacptm04012024,FNAC_PT_MONTHLY,Portugal,PT,string_16,purchase_date,2024-04-01,Fnac Portugal,Fnac Portugal,false,true,true,2020-01-01,2999-01-01,true,Fnac,false,EU,iberia retailers,iberia,3
fna_pt,fna_pt,fna_pt,Fnac Portugal,Fnac Portugal,Fnac Portugal Upfront - Extension Warranty,subscrip_fnacptuext04012024,FNAC_PT_UPFRONT_EXT,Portugal,PT,string_16,purchase_date,2024-04-01,Fnac Portugal,Fnac Portugal,true,true,false,2020-01-01,2999-01-01,false,Fnac,false,EU,iberia retailers,iberia,3
mag_at,mag_at,TM_AT,Magenta,Magenta Austria,T-Mobile Austria,subscrip_tmba308082015,,Austria,AT,string_16,create_date,2014-10-01,Magenta,Magenta,false,true,true,2020-09-10,2999-01-01,false,Magenta,false,EU,eu operators,central eu,1
mag_at,mag_at,TM_AT,Magenta,Magenta Austria,T-Mobile Austria,subscrip_tmba208082015,,Austria,AT,string_16,create_date,2014-10-01,Magenta,Magenta,false,true,true,2020-09-10,2999-01-01,false,Magenta,false,EU,eu operators,central eu,1
mag_at,mag_at,TM_AT,Magenta,Magenta Austria,T-Mobile Austria,subscrip_tmba108082015,,Austria,AT,string_16,create_date,2014-10-01,Magenta,Magenta,false,true,true,2020-09-10,2999-01-01,false,Magenta,false,EU,eu operators,central eu,1
mag_at,mag_at,TM_AT,Magenta,Magenta Austria,T-Mobile Austria,subscrip_tmba708082015,"TMA_TELERING_7080, TMA_TMOBILE_7080",Austria,AT,string_16,create_date,2014-10-01,Magenta,Magenta,false,true,true,2020-09-10,2999-01-01,false,Magenta,false,EU,eu operators,central eu,1
mag_at,mag_at,TM_AT,Magenta,Magenta Austria,T-Mobile Austria,subscrip_tmba608082015,"TMA_TELERING_6080, TMA_TMOBILE_6080",Austria,AT,string_16,create_date,2014-10-01,Magenta,Magenta,false,true,true,2020-09-10,2999-01-01,false,Magenta,false,EU,eu operators,central eu,1
mag_at,mag_at,TM_AT,Magenta,Magenta Austria,T-Mobile Austria,subscrip_tmba508082015,"TMA_TELERING_5080, TMA_TMOBILE_5080",Austria,AT,string_16,create_date,2014-10-01,Magenta,Magenta,false,true,true,2020-09-10,2999-01-01,false,Magenta,false,EU,eu operators,central eu,1
mag_at,mag_at,TM_AT,Magenta,Magenta Austria,T-Mobile Austria,subscrip_tmba408082015,"TMA_TELERING_4080, TMA_TMOBILE_4080",Austria,AT,string_16,create_date,2014-10-01,Magenta,Magenta,false,true,true,2020-09-10,2999-01-01,false,Magenta,false,EU,eu operators,central eu,1
eli_fi,eli_fi,Elisa,Elisa,Elisa Finland,Elisa,subscrip_elsa08242023,ELISA UPFRONT,Finland,FI,string_16,create_date,2023-08-24,Elisa,Elisa,true,true,false,2020-09-10,2999-01-01,false,Elisa,false,EU,eu operators,nordics,1
eli_fi,eli_fi,Elisa,Elisa,Elisa Finland,Elisa,subscrip_elsa14071410,"ELISA_STORE, ELISA_ONLINE",Finland,FI,string_16,create_date,2014-06-01,Elisa,Elisa,true,true,true,2020-09-10,2999-01-01,false,Elisa,false,EU,eu operators,nordics,1
tdc_dk,tdc_dk,TDC,YouSee,YouSee Denmark,TDC Denmark/YouSee Credit Card,subscrip_tdcd01012020,,Denmark,DK,string_16,create_date,2015-12-01,TDC,TDC,false,true,true,2020-09-10,2999-01-01,false,TDC,false,EU,eu operators,nordics,1
tdc_dk,tdc_dk,TDC,YouSee,YouSee Denmark,TDC Denmark/YouSee,subscrip_tdcd15031311,,Denmark,DK,string_16,create_date,2015-12-01,TDC,TDC,false,true,true,2020-09-10,2999-01-01,false,TDC,false,EU,eu operators,nordics,1
tln_dk,tln_dk,Telenor_DK,Telenor Denmark,Telenor Denmark,Telenor Denmark (Screen Only),subscrip_tlnrscreen10172019,,Denmark,DK,string_16,create_date,2020-04-27,Telenor Denmark,Telenor Denmark,true,true,true,2020-09-10,2999-01-01,false,Telenor,true,EU,eu operators,nordics,1
tln_dk,tln_dk,Telenor_DK,Telenor Denmark,Telenor Denmark,Telenor Denmark,subscrip_tlnbase09052023,TELENOR_DK_BASE,Denmark,DK,string_16,create_date,2023-05-09,Telenor Denmark,Telenor Denmark,true,true,true,2020-09-10,2999-01-01,false,Telenor,false,EU,eu operators,nordics,1
tln_dk,tln_dk,Telenor_DK,Telenor Denmark,Telenor Denmark,Telenor Denmark (Premium Product),subscrip_tlnrpremium10172019,,Denmark,DK,string_16,create_date,2020-04-27,Telenor Denmark,Telenor Denmark,true,true,true,2020-09-10,2999-01-01,false,Telenor,false,EU,eu operators,nordics,1
tln_dk,tln_dk,Telenor_DK,Telenor Denmark,Telenor Denmark,Telenor Denmark,subscrip_tlnr15040912,TELENOR_STORE,Denmark,DK,string_16,create_date,2015-08-13,Telenor Denmark,Telenor Denmark,true,true,true,2020-09-10,2999-01-01,false,Telenor,false,EU,eu operators,nordics,1
dre_at,dre_at,H3G_AT,Drei,H3G Austria,H3G Austria (Screen Only),subscrip_h3gatckd03062019,,Austria,AT,string_12,create_date,2016-02-15,H3G Austria,H3G Austria,true,true,true,2020-09-10,2999-01-01,false,H3G,true,EU,eu operators,central eu,1
dre_at,dre_at,H3G_AT,Drei,H3G Austria,H3G Austria,subscrip_h3g12142015,,Austria,AT,string_12,create_date,2016-02-15,H3G Austria,H3G Austria,true,true,true,2020-09-10,2999-01-01,false,H3G,false,EU,eu operators,central eu,1
dre_se,dre_se,H3G_SE,H3G Sweden,H3G Sweden,H3G Sweden,subscrip_h3gse09052017,,Sweden,SE,string_16,create_date,2017-11-29,H3G Sweden,H3G Sweden,false,true,true,2020-09-10,2999-01-01,false,H3G,false,EU,eu operators,nordics,1
dna_fi,dna_fi,DNA,DNA,DNA Finland,DNA Finland,subscrip_dna12222015,DNA_STORE,Finland,FI,string_16,create_date,2016-10-01,DNA,DNA,true,true,true,2020-09-10,2999-01-01,false,DNA,false,EU,eu operators,nordics,1
amz_eu,amz_de,Amazon_DE,Amazon,Amazon Germany,Amazon Germany Monthly,subscrip_amznde08012018,AMAZON_DE_MONTHLY,Germany,DE,string_16,purchase_date,2019-06-01,Amazon Germany,Amazon Germany,true,true,true,2020-09-10,2999-01-01,false,Amazon,false,EU,central eu retailers,central eu,2
amz_eu,amz_de,Amazon_DE,Amazon,Amazon Germany,Amazon DE Upfront,subscrip_amzndeu08012018,AMAZON_DE_UPFRONT,Germany,DE,string_16,purchase_date,2021-03-25,Amazon Germany,Amazon Germany,true,true,false,2020-09-10,2999-01-01,false,Amazon,false,EU,central eu retailers,central eu,2
mma_nl,mma_nl,MM_NL,MediaMarkt Netherlands,MediaMarkt Netherlands,MediaMarkt Netherlands Upfront - B2B,subscrip_mmnlub2b10292024,MMNL_UPFRONT_B2B,Netherlands,NL,string_16,purchase_date,2024-10-13,MediaMarkt Netherlands,MediaMarkt Netherlands,false,true,false,2020-09-10,2999-01-01,false,MediaMarkt,false,EU,central eu retailers,central eu,2
mma_nl,mma_nl,MM_NL,MediaMarkt Netherlands,MediaMarkt Netherlands,MediaMarkt Netherlands Upfront Delivery Damage,subscrip_mmnludd04302022,MMNL_UPFRONT_DELIVERY_DAMAGE,Netherlands,NL,string_16,purchase_date,2022-04-01,MediaMarkt Netherlands,MediaMarkt Netherlands,false,true,false,2020-09-10,2999-01-01,false,MediaMarkt,false,EU,central eu retailers,central eu,2
mma_nl,mma_nl,MM_NL,MediaMarkt Netherlands,MediaMarkt Netherlands,MediaMarkt Netherlands Upfront CE,subscrip_mmnluce04302022,MMNL_UPFRONT_CE,Netherlands,NL,string_16,purchase_date,2022-04-01,MediaMarkt Netherlands,MediaMarkt Netherlands,false,true,false,2020-09-10,2999-01-01,false,MediaMarkt,false,EU,central eu retailers,central eu,2
mma_nl,mma_nl,MM_NL,MediaMarkt Netherlands,MediaMarkt Netherlands,MediaMarkt Netherlands Upfront,subscrip_mmnlu04302022,MMNL_UPFRONT,Netherlands,NL,string_16,purchase_date,2022-04-01,MediaMarkt Netherlands,MediaMarkt Netherlands,false,true,false,2020-09-10,2999-01-01,false,MediaMarkt,false,EU,central eu retailers,central eu,2
mma_nl,mma_nl,MM_NL,MediaMarkt Netherlands,MediaMarkt Netherlands,MediaMarkt Netherlands Monthly ,subscrip_mmnlmonthly04012022,MMNL_MONTHLY,Netherlands,NL,string_16,purchase_date,2020-05-01,MediaMarkt Netherlands,MediaMarkt Netherlands,false,true,true,2020-09-10,2999-01-01,false,MediaMarkt,false,EU,central eu retailers,central eu,2
mma_nl,acs_nl,MM_NL,MediaMarkt Netherlands,MediaMarkt Netherlands,MediaMarkt Netherlands Upfront ACS,subscrip_mmnlua07212021,MMNL_UPFRONT_APPLECARE,Netherlands,NL,string_16,purchase_date,2022-04-01,MediaMarkt Netherlands,MediaMarkt Netherlands,false,true,false,2020-09-10,2999-01-01,false,MediaMarkt,false,EU,central eu retailers,central eu,2
mma_nl,acs_nl,MM_NL,MediaMarkt Netherlands,MediaMarkt Netherlands,MediaMarkt Netherlands Monthly ACS,subscrip_mmnlma07212021,MMNL_MONTHLY_APPLECARE,Netherlands,NL,string_16,purchase_date,2020-05-01,MediaMarkt Netherlands,MediaMarkt Netherlands,false,true,true,2020-09-10,2999-01-01,false,MediaMarkt,false,EU,central eu retailers,central eu,2
tph_nl,tph_nl,TPH,PhoneHouse,PhoneHouse Netherlands,PhoneHouse Netherlands,subscrip_phlt20181101,PHNL_STORE,Netherlands,NL,string_16,create_date,2019-01-21,PhoneHouse,PhoneHouse,false,true,true,2020-09-10,2999-01-01,false,PhoneHouse,false,EU,central eu retailers,central eu,2
mma_de,mma_de,MMDE_UP,MediaMarkt Germany,MediaMarkt Germany,MediaMarkt Germany (Screen Only),subscrip_mmdeua06012020,MMDE_UPFRONT_APPLECARE,Germany,DE,string_16,create_date,2020-10-05,MediaMarkt Germany,MediaMarkt Germany,true,true,false,2020-09-10,2999-01-01,false,MediaMarkt,false,EU,central eu retailers,central eu,2
mma_de,mma_de,MMDE_UP,MediaMarkt Germany,MediaMarkt Germany,MediaMarkt Germany (Screen Only),subscrip_mmdes20200201,MM_GERMANY_SCREEN,Germany,DE,string_16,create_date,2019-05-06,MediaMarkt Germany,MediaMarkt Germany,true,true,false,2020-09-10,2999-01-01,false,MediaMarkt,true,EU,central eu retailers,central eu,2
mma_de,mma_de,MMDE_UP,MediaMarkt Germany,MediaMarkt Germany,MediaMarkt Germany Upfront,subscrip_mmdeu05012019,MM_GERMANY_UPFRONT,Germany,DE,string_16,create_date,2019-05-06,MediaMarkt Germany,MediaMarkt Germany,true,true,false,2020-09-10,2999-01-01,false,MediaMarkt,false,EU,central eu retailers,central eu,2
mma_de,mma_de,MMDE_MON,MediaMarkt Germany,MediaMarkt Germany,MediaMarkt Germany Monthly ACS,subscrip_mmdema06012020,MMDE_MONTHLY_APPLECARE,Germany,DE,string_16,create_date,2020-10-05,MediaMarkt Germany,MediaMarkt Germany,true,true,true,2020-09-10,2999-01-01,false,MediaMarkt,false,EU,central eu retailers,central eu,2
mma_de,mma_de,MMDE_MON,MediaMarkt Germany,MediaMarkt Germany,MediaMarkt Germany Monthly,subscrip_mmdem05012019,MM_GERMANY_MONTHLY,Germany,DE,string_16,create_date,2019-05-06,MediaMarkt Germany,MediaMarkt Germany,true,true,true,2020-09-10,2999-01-01,false,MediaMarkt,false,EU,central eu retailers,central eu,2
mma_de,mma_de,MMDE_SERV,MediaMarkt Germany,MediaMarkt Germany,MediaMarkt Germany (Screen Only),subscrip_mmdeserv07312024,MM_GERMANY_SERVICE,Germany,DE,string_16,create_date,2024-09-01,MediaMarkt Germany,MediaMarkt Germany,true,false,false,2020-09-10,1999-01-01,false,MediaMarkt,false,EU,central eu retailers,central eu,2
mma_at,mma_at,MM_AT,MediaMarkt Austria,MediaMarkt Austria,MediaMarkt Austria Monthly,subscrip_mmatm07222024,MMAT_MONTHLY,Austria,AT,string_16,create_date,2024-08-01,MediaMarkt Austria,MediaMarkt Austria,false,true,true,2020-09-10,2099-01-01,false,MediaMarkt,false,EU,central eu retailers,central eu,2
mma_at,mma_at,MM_AT,MediaMarkt Austria,MediaMarkt Austria,MediaMarkt Austria Upfront,subscrip_mmatu07222024,MMAT_UPFRONT,Austria,AT,string_16,create_date,2024-08-01,MediaMarkt Austria,MediaMarkt Austria,false,true,false,2020-09-10,2099-01-01,false,MediaMarkt,false,EU,central eu retailers,central eu,2
mma_hu,mma_hu,MM_HU,MediaMarkt Hungary,MediaMarkt Hungary,MediaMarkt Hungary B2B,subscrip_mmhub2b082824,MMHI_B2B,Hungary,HU,string_16,create_date,2024-08-28,MediaMarkt Hungary,MediaMarkt Hungary,false,true,false,2024-01-13,2024-01-13,false,MediaMarkt,false,EU,central eu retailers,central eu,2
mma_hu,mma_hu,MM_HU,MediaMarkt Hungary,MediaMarkt Hungary,MediaMarkt Hungary Monthly,subscrip_mmhum011624,MMHU_MONTHLY,Hungary,HU,string_16,create_date,2024-01-13,MediaMarkt Hungary,MediaMarkt Hungary,false,true,true,2024-01-13,2024-01-13,false,MediaMarkt,false,EU,central eu retailers,central eu,2
mma_hu,mma_hu,MM_HU,MediaMarkt Hungary,MediaMarkt Hungary,MediaMarkt Hungary Upfront,subscrip_mmhuu011624,MMHU_UPFRONT,Hungary,HU,string_16,create_date,2024-01-13,MediaMarkt Hungary,MediaMarkt Hungary,false,true,false,2024-01-13,2024-01-13,false,MediaMarkt,false,EU,central eu retailers,central eu,2
mma_at,acs_at,MM_AT,MediaMarkt Austria,MediaMarkt Austria,MediaMarkt Austria Upfront ACS,subscrip_mmatua06302021,MMAT_UPFRONT_APPLECARE,Austria,AT,string_16,create_date,2021-10-13,MediaMarkt Austria,MediaMarkt Austria,false,true,false,2020-09-10,2999-01-01,false,MediaMarkt,false,EU,central eu retailers,central eu,2
mma_at,acs_at,MM_AT,MediaMarkt Austria,MediaMarkt Austria,MediaMarkt Austria Monthly ACS,subscrip_mmatma06302021,MMAT_MONTHLY_APPLECARE,Austria,AT,string_16,create_date,2021-10-13,MediaMarkt Austria,MediaMarkt Austria,false,true,true,2020-09-10,2999-01-01,false,MediaMarkt,false,EU,central eu retailers,central eu,2
mma_be,mma_be,MM_BE,MediaMarkt Belgium,MediaMarkt Belgium,MediaMarkt Belgium Monthly,subscrip_mmbem06012023,MMBE_MONTHLY,Belgium,BE,string_16,create_date,2023-06-01,MediaMarkt Belgium,MediaMarkt Belgium,false,true,true,2020-09-10,2020-09-10,false,MediaMarkt,false,EU,central eu retailers,central eu,2
mma_be,mma_be,MM_BE,MediaMarkt Belgium,MediaMarkt Belgium,MediaMarkt Belgium Upfront - Delivery Damage,subscrip_mmbeudd06012023,MMBE_UPFRONT_DD,Belgium,BE,string_16,create_date,2023-06-01,MediaMarkt Belgium,MediaMarkt Belgium,false,true,false,2020-09-10,2020-09-10,false,MediaMarkt,false,EU,central eu retailers,central eu,2
mma_be,mma_be,MM_BE,MediaMarkt Belgium,MediaMarkt Belgium,MediaMarkt Belgium Upfront - Extension Warranty,subscrip_mmbeuext06012023,MMBE_UPFRONT_EXT,Belgium,BE,string_16,create_date,2023-06-01,MediaMarkt Belgium,MediaMarkt Belgium,false,false,false,2020-09-10,2020-09-10,false,MediaMarkt,false,EU,central eu retailers,central eu,2
mma_be,mma_be,MM_BE,MediaMarkt Belgium,MediaMarkt Belgium,MediaMarkt Belgium Upfront - ADH,subscrip_mmbeuadh06012023,MMBE_UPFRONT_ADH,Belgium,BE,string_16,create_date,2023-06-01,MediaMarkt Belgium,MediaMarkt Belgium,false,true,false,2020-09-10,2020-09-10,false,MediaMarkt,false,EU,central eu retailers,central eu,2
mma_lu,mma_lu,MM_LU,MediaMarkt Luxembourg,MediaMarkt Luxembourg,MediaMarkt Luxembourg Upfront - Extension Warranty,subscrip_mmluuext06012023,MMLU_UPFRONT_EXT,Luxembourg,LU,string_16,create_date,2023-06-01,MediaMarkt Luxembourg,MediaMarkt Luxembourg,false,false,false,2020-09-10,2020-09-10,false,MediaMarkt,false,EU,central eu retailers,central eu,2
mma_lu,mma_lu,MM_LU,MediaMarkt Luxembourg,MediaMarkt Luxembourg,MediaMarkt Luxembourg Monthly,subscrip_mmlum06012023,MMLU_MONTHLY,Luxembourg,LU,string_16,create_date,2023-06-01,MediaMarkt Luxembourg,MediaMarkt Luxembourg,false,true,true,2020-09-10,2020-09-10,false,MediaMarkt,false,EU,central eu retailers,central eu,2
mma_lu,mma_lu,MM_LU,MediaMarkt Luxembourg,MediaMarkt Luxembourg,MediaMarkt Luxembourg Upfront - Delivery Damage,subscrip_mmluudd06012023,MMLU_UPFRONT_DD,Luxembourg,LU,string_16,create_date,2023-06-01,MediaMarkt Luxembourg,MediaMarkt Luxembourg,false,true,false,2020-09-10,2020-09-10,false,MediaMarkt,false,EU,central eu retailers,central eu,2
mma_lu,mma_lu,MM_LU,MediaMarkt Luxembourg,MediaMarkt Luxembourg,MediaMarkt Luxembourg Upfront - ADH,subscrip_mmluuadh06012023,MMLU_UPFRONT_ADH,Luxembourg,LU,string_16,create_date,2023-06-01,MediaMarkt Luxembourg,MediaMarkt Luxembourg,false,true,false,2020-09-10,2020-09-10,false,MediaMarkt,false,EU,central eu retailers,central eu,2
tln_se_amtrust,tln_se_amtrust,Telenor_SE_Amtrust,Telenor Sweden AmTrust,Telenor Sweden AmTrust,Telenor Sweden Monthly AMT B2B,subscrip_tlnsemamtb2b01302025,TELENOR_SE_MONTHLY_AMT_B2B,Sweden,SE,string_16,purchase_date,2025-04-10,Telenor Sweden AmTrust,Telenor Sweden AmTrust,true,true,true,2020-09-10,2999-01-01,false,Telenor,false,EU,eu operators,nordics,1
tln_se_amtrust,tln_se_amtrust,Telenor_SE_Amtrust,Telenor Sweden AmTrust,Telenor Sweden AmTrust,Telenor Sweden Monthly AMT,subscrip_tlnsemamt01302025,TELENOR_SE_MONTHLY_AMT,Sweden,SE,string_16,purchase_date,2024-01-01,Telenor Sweden AmTrust,Telenor Sweden AmTrust,true,true,true,2020-09-10,2999-01-01,false,Telenor,false,EU,eu operators,nordics,1
